	d	755	liam:liam	4096	1784141183.4637679340
.history	d	755	liam:liam	4096	1784141183.4637679340
.history/20260715T184623464849Z	d	755	liam:liam	4096	1784141183.4637679340
.history/20260715T184623464849Z/published	d	755	liam:liam	4096	1784122637.0154976470
.history/20260715T184623464849Z/published/graph.json	f	644	liam:liam	40843	1784122637.0154976470
.history/20260715T184623464849Z/published/projection_manifest.json	f	644	liam:liam	696	1784122637.0154976470
.history/20260715T184623464849Z/published/source_manifest.json	f	644	liam:liam	6458	1784122637.0154976470
published	d	755	liam:liam	4096	1784141183.4637679340
published/graph.json	f	644	liam:liam	39967	1784141183.4597679340
published/projection_manifest.json	f	644	liam:liam	696	1784141183.4637679340
published/source_manifest.json	f	644	liam:liam	6103	1784141183.4637679340
receipts	d	755	liam:liam	4096	1784141212.5077638130
receipts/20260715T133717017144Z-build-success.json	f	644	liam:liam	689	1784122637.0154976470
receipts/20260715T133717918099Z-unchanged-success.json	f	644	liam:liam	693	1784122637.9154974960
receipts/20260715T133718410883Z-build-failed.json	f	644	liam:liam	292	1784122638.4074974140
receipts/20260715T184623465588Z-build-success.json	f	644	liam:liam	689	1784141183.4637679340
receipts/20260715T184624120238Z-unchanged-success.json	f	644	liam:liam	693	1784141184.1197678060
receipts/20260715T184652509620Z-build-failed.json	f	644	liam:liam	459	1784141212.5077638130
